timestamp,action,price,profit_percent,btc_qty
2025-01-03 11:30:00,buy in,96800.44,0.0,10.330532
2025-01-03 23:30:00,sold out,98110.35,1.3532066589780012,0.0
2025-01-04 03:45:00,buy in,98255.71,1.3532066589780012,10.177526
2025-01-04 04:30:00,sold out,98000.65,-0.25958796694870445,0.0
2025-01-04 05:45:00,buy in,98091.31,-0.25958796694870445,10.194583
2025-01-04 09:00:00,sold out,97890.23,-0.20499267468240268,0.0
2025-01-04 14:30:00,buy in,98083.56,-0.20499267468240268,10.195389
2025-01-04 15:30:00,stop-loss sell,97608.23,-0.484617401733789,0.0
2025-01-04 17:45:00,buy in,98030.26,-0.484617401733789,10.200932
2025-01-05 00:45:00,sold out,98200.01,0.17316081789440219,0.0
2025-01-05 04:15:00,buy in,98499.93,0.17316081789440219,10.152291
2025-01-05 08:00:00,stop-loss sell,97972.48,-0.5354826140485547,0.0
2025-01-05 15:00:00,buy in,97919.4,-0.5354826140485547,10.212481
2025-01-05 17:45:00,stop-loss sell,97689.84,-0.23443771101537836,0.0
2025-01-05 19:30:00,buy in,98039.36,-0.23443771101537836,10.199985
2025-01-06 01:00:00,sold out,98100.0,0.06185270895280315,0.0
2025-01-06 02:15:00,buy in,98727.01,0.06185270895280315,10.12894
2025-01-06 08:45:00,sold out,99010.8,0.28744919956555925,0.0
2025-01-06 12:00:00,buy in,99477.93,0.28744919956555925,10.052481
2025-01-07 03:30:00,sold out,101778.78,2.3129250880069563,0.0
2025-01-07 07:00:00,buy in,101870.65,2.3129250880069563,9.81637
2025-01-07 09:45:00,sold out,101630.93,-0.2353180233953589,0.0
2025-01-08 22:15:00,buy in,94691.98,-0.2353180233953589,10.560556
2025-01-09 02:15:00,sold out,94612.3,-0.08414651378078064,0.0
2025-01-09 15:30:00,buy in,93851.71,-0.08414651378078064,10.655107
2025-01-09 17:45:00,stop-loss sell,93022.07,-0.8839902863783666,0.0
2025-01-10 00:45:00,buy in,92927.21,-0.8839902863783666,10.761111
2025-01-10 13:30:00,stop-loss sell,93600.0,0.7239967712363127,0.0
2025-01-10 17:30:00,buy in,94510.57,0.7239967712363127,10.580827
2025-01-10 21:45:00,sold out,94626.85,0.1230338574828238,0.0
2025-01-11 10:15:00,buy in,94394.21,0.1230338574828238,10.59387
2025-01-11 13:30:00,sold out,94360.01,-0.036231035780698306,0.0
2025-01-11 20:30:00,buy in,94532.03,-0.036231035780698306,10.578425
2025-01-12 01:00:00,sold out,94463.5,-0.07249394728960912,0.0
2025-01-12 04:30:00,buy in,94548.79,-0.07249394728960912,10.57655
2025-01-12 06:30:00,sold out,94498.7,-0.052977938691756155,0.0
2025-01-12 11:30:00,buy in,94253.87,-0.052977938691756155,10.609644
2025-01-12 19:15:00,sold out,94785.82,0.5643800090118445,0.0
2025-01-13 00:30:00,buy in,95835.07,0.5643800090118445,10.434594
2025-01-13 01:30:00,stop-loss sell,94809.96,-1.0696606158893562,0.0
2025-01-13 15:15:00,buy in,92180.73,-1.0696606158893562,10.848254
2025-01-14 12:15:00,stop-loss sell,96048.05,4.195367079431911,0.0
2025-01-14 18:45:00,buy in,96882.71,4.195367079431911,10.321759
2025-01-15 05:45:00,sold out,96824.56,-0.060021029552137506,0.0
2025-01-15 07:45:00,buy in,97264.18,-0.060021029552137506,10.281277
2025-01-15 09:30:00,sold out,96893.24,-0.3813736979019322,0.0
2025-01-15 13:30:00,buy in,98581.46,-0.3813736979019322,10.143895
2025-01-16 02:45:00,sold out,99580.0,1.0129085124119586,0.0
2025-01-16 08:15:00,buy in,99710.68,1.0129085124119586,10.029016
2025-01-16 08:45:00,sold out,99019.35,-0.6933359595982957,0.0
2025-01-16 12:30:00,buy in,99529.13,-0.6933359595982957,10.04731
2025-01-16 13:30:00,sold out,99272.44,-0.25790439442201496,0.0
2025-01-16 16:15:00,buy in,99342.58,-0.25790439442201496,10.066177
2025-01-16 22:30:00,sold out,99394.71,0.05247498102023407,0.0
2025-01-17 01:30:00,buy in,101557.59,0.05247498102023407,9.84663
2025-01-17 23:00:00,sold out,104267.16,2.668013291768756,0.0
2025-01-18 11:30:00,buy in,103649.21,2.668013291768756,9.647927
2025-01-18 16:45:00,stop-loss sell,103205.4,-0.4281846431825276,0.0
2025-01-18 19:45:00,buy in,104439.13,-0.4281846431825276,9.574955
2025-01-19 08:15:00,sold out,104611.15,0.1647083808530292,0.0
2025-01-19 11:00:00,buy in,105190.35,0.1647083808530292,9.506575
2025-01-19 11:45:00,sold out,104614.11,-0.5478069043405642,0.0
2025-01-19 13:00:00,buy in,105192.51,-0.5478069043405642,9.50638
2025-01-19 15:15:00,sold out,104875.47,-0.3013902795930945,0.0
2025-01-19 18:15:00,buy in,105000.7,-0.3013902795930945,9.523746
2025-01-19 21:15:00,stop-loss sell,104632.34,-0.35081670884098415,0.0
2025-01-20 04:45:00,buy in,102234.85,-0.35081670884098415,9.7814
2025-01-20 12:30:00,sold out,106454.19,4.127105385296703,0.0
2025-01-21 03:30:00,buy in,102810.52,4.127105385296703,9.726631
2025-01-21 06:00:00,sold out,101881.53,-0.9035943014391923,0.0
2025-01-21 09:00:00,buy in,102278.56,-0.9035943014391923,9.77722
2025-01-21 14:45:00,stop-loss sell,103418.2,1.1142511196872595,0.0
2025-01-21 16:15:00,buy in,105635.44,1.1142511196872595,9.46652
2025-01-22 01:15:00,sold out,105712.84,0.07327086439929964,0.0
2025-01-22 19:30:00,buy in,104692.31,0.07327086439929964,9.5518
2025-01-22 21:30:00,sold out,104012.13,-0.6496943280743239,0.0
2025-01-23 13:45:00,buy in,102278.55,-0.6496943280743239,9.777221
2025-01-23 20:45:00,stop-loss sell,103450.0,1.1453525690381827,0.0
2025-01-23 23:30:00,buy in,104072.7,1.1453525690381827,9.608668
2025-01-24 00:45:00,sold out,103500.0,-0.5502884041636236,0.0
2025-01-24 03:45:00,buy in,104184.0,-0.5502884041636236,9.598403
2025-01-24 14:00:00,sold out,104911.45,0.6982358135606104,0.0
2025-01-24 14:45:00,buy in,105495.59,0.6982358135606104,9.479069
2025-01-24 20:00:00,sold out,105771.88,0.26189720347553624,0.0
2025-01-25 03:45:00,buy in,105242.44,0.26189720347553624,9.50187
2025-01-25 06:00:00,sold out,104393.79,-0.8063762109658534,0.0
2025-01-25 11:00:00,buy in,104581.03,-0.8063762109658534,9.561964
2025-01-26 00:00:00,sold out,104826.45,0.23466971017591653,0.0
2025-01-26 03:30:00,buy in,105087.99,0.23466971017591653,9.515835
2025-01-26 09:15:00,sold out,104791.87,-0.2817829135375094,0.0
2025-01-26 13:15:00,buy in,104947.52,-0.2817829135375094,9.528572
2025-01-26 21:00:00,sold out,104752.82,-0.18552129673954365,0.0
2025-01-27 12:45:00,buy in,100665.44,-0.18552129673954365,9.933896
2025-01-27 16:30:00,stop-loss sell,99813.85,-0.8459606395203711,0.0
2025-01-27 20:30:00,buy in,100806.21,-0.8459606395203711,9.920024
2025-01-28 12:30:00,sold out,102458.19,1.6387680877993471,0.0
2025-01-28 15:15:00,buy in,103138.64,1.6387680877993471,9.695687
2025-01-28 16:30:00,sold out,102213.05,-0.897423119017271,0.0
2025-01-28 17:15:00,buy in,102700.69,-0.897423119017271,9.737033
2025-01-28 19:00:00,sold out,101887.59,-0.7917181471711721,0.0
2025-01-29 00:45:00,buy in,101763.68,-0.7917181471711721,9.826689
2025-01-29 12:45:00,stop-loss sell,102171.62,0.4008699370934732,0.0
2025-01-29 17:15:00,buy in,102321.46,0.4008699370934732,9.773121
2025-01-29 19:00:00,stop-loss sell,101900.0,-0.41189795376258553,0.0
2025-01-29 19:45:00,buy in,103779.03,-0.41189795376258553,9.635858
2025-01-30 12:30:00,sold out,104831.51,1.0141547863763867,0.0
2025-01-30 15:00:00,buy in,106244.87,1.0141547863763867,9.412219
2025-01-30 17:15:00,stop-loss sell,105177.0,-1.0051026463677726,0.0
2025-01-30 20:00:00,buy in,105760.49,-1.0051026463677726,9.455327
2025-01-30 20:45:00,sold out,104925.4,-0.7896048893117014,0.0
2025-01-31 06:30:00,buy in,104625.96,-0.7896048893117014,9.557857
2025-01-31 08:00:00,stop-loss sell,104113.43,-0.4898688623741321,0.0
2025-01-31 11:00:00,buy in,104695.31,-0.4898688623741321,9.551526
2025-01-31 14:45:00,stop-loss sell,104354.93,-0.32511484993932305,0.0
2025-01-31 15:30:00,buy in,105593.11,-0.32511484993932305,9.470315
2025-01-31 17:45:00,sold out,104734.75,-0.8128939473418306,0.0
2025-02-01 12:15:00,buy in,102170.9,-0.8128939473418306,9.787523
2025-02-01 13:45:00,stop-loss sell,101907.16,-0.25813612290778165,0.0
2025-02-01 16:00:00,buy in,102167.98,-0.25813612290778165,9.787802
2025-02-01 19:00:00,sold out,101859.08,-0.30234521618220933,0.0
2025-02-02 01:15:00,buy in,101309.87,-0.30234521618220933,9.870707
2025-02-02 02:45:00,stop-loss sell,100511.32,-0.7882252736085671,0.0
2025-02-02 14:30:00,buy in,99449.75,-0.7882252736085671,10.055329
2025-02-02 16:45:00,stop-loss sell,98280.97,-1.1752467954921908,0.0
2025-02-03 07:45:00,buy in,95399.98,-1.1752467954921908,10.482182
2025-02-03 13:00:00,sold out,94818.65,-0.609360714750673,0.0
2025-02-03 14:45:00,buy in,96531.54,-0.609360714750673,10.359308
2025-02-04 03:30:00,sold out,100612.1,4.227177977270458,0.0
2025-02-04 11:15:00,buy in,99339.49,4.227177977270458,10.06649
2025-02-04 17:30:00,sold out,99234.77,-0.10541628510474244,0.0
2025-02-04 19:15:00,buy in,100600.0,-0.10541628510474244,9.940358
2025-02-04 19:45:00,stop-loss sell,98850.1,-1.7394632206759408,0.0
2025-02-05 01:00:00,buy in,98436.18,-1.7394632206759408,10.158866
2025-02-05 06:45:00,sold out,97589.35,-0.8602832820208905,0.0
2025-02-05 10:30:00,buy in,97996.58,-0.8602832820208905,10.204438
2025-02-05 14:45:00,stop-loss sell,98157.82,0.16453635422788437,0.0
2025-02-06 01:45:00,buy in,97059.62,0.16453635422788437,10.302946
2025-02-06 13:00:00,sold out,98253.57,1.2301202085893248,0.0
2025-02-07 01:45:00,buy in,97390.15,1.2301202085893248,10.267979
2025-02-07 06:30:00,sold out,96792.71,-0.6134501281700344,0.0
2025-02-07 09:15:00,buy in,97308.04,-0.6134501281700344,10.276643
2025-02-07 15:00:00,stop-loss sell,98361.7,1.082808779212896,0.0
2025-02-07 15:30:00,buy in,98582.16,1.082808779212896,10.143823
2025-02-07 16:45:00,sold out,98018.68,-0.5715841486938489,0.0
2025-02-08 00:30:00,buy in,96800.64,-0.5715841486938489,10.33051
2025-02-08 04:45:00,sold out,96340.16,-0.4756993342192706,0.0
2025-02-08 13:15:00,buy in,96204.24,-0.4756993342192706,10.394552
2025-02-08 15:15:00,stop-loss sell,95996.21,-0.2162378705969692,0.0
2025-02-08 17:15:00,buy in,96247.14,-0.2162378705969692,10.389919
2025-02-09 00:30:00,sold out,96429.15,0.18910691787827894,0.0
2025-02-09 01:30:00,buy in,96719.57,0.18910691787827894,10.339169
2025-02-09 10:00:00,sold out,96737.37,0.018403721191062594,0.0
2025-02-09 20:30:00,buy in,96440.13,0.018403721191062594,10.369127
2025-02-09 21:30:00,stop-loss sell,95087.48,-1.4025800255557552,0.0
2025-02-09 23:45:00,buy in,96426.86,-1.4025800255557552,10.370554
2025-02-10 01:30:00,stop-loss sell,95579.96,-0.8782822545502333,0.0
2025-02-10 03:45:00,buy in,96784.96,-0.8782822545502333,10.332184
2025-02-10 12:45:00,sold out,97272.76,0.50400392788299,0.0
2025-02-10 18:00:00,buy in,97420.23,0.50400392788299,10.264808
2025-02-10 21:00:00,sold out,97310.57,-0.11256388945087847,0.0
2025-02-10 22:45:00,buy in,97436.46,-0.11256388945087847,10.263099
2025-02-10 23:30:00,sold out,97264.93,-0.17604293095214718,0.0
2025-02-11 00:00:00,buy in,97755.96,-0.17604293095214718,10.229555
2025-02-11 03:15:00,sold out,97614.26,-0.14495279878589118,0.0
2025-02-11 05:00:00,buy in,98124.89,-0.14495279878589118,10.191094
2025-02-11 09:45:00,sold out,98004.67,-0.1225173347965014,0.0
2025-02-11 21:45:00,buy in,96285.8,-0.1225173347965014,10.385747
2025-02-12 02:45:00,stop-loss sell,95462.04,-0.8555363303830998,0.0
2025-02-12 05:30:00,buy in,95808.32,-0.8555363303830998,10.437507
2025-02-12 13:00:00,sold out,95898.3,0.09391668698501832,0.0
2025-02-12 16:45:00,buy in,96953.21,0.09391668698501832,10.314254
2025-02-13 03:15:00,sold out,97369.79,0.4296711784993912,0.0
2025-02-13 19:00:00,buy in,96235.27,0.4296711784993912,10.391201
2025-02-14 12:15:00,sold out,96633.19,0.4134866561916528,0.0
2025-02-14 14:45:00,buy in,97391.01,0.4134866561916528,10.267888
2025-02-14 15:00:00,stop-loss sell,96658.35,-0.7522870950819716,0.0
2025-02-14 17:00:00,buy in,97170.32,-0.7522870950819716,10.291208
2025-02-14 20:45:00,stop-loss sell,97172.67,0.0024184339415533884,0.0
2025-02-15 01:15:00,buy in,97672.45,0.0024184339415533884,10.238302
2025-02-15 04:45:00,sold out,97524.06,-0.15192615727361858,0.0
2025-02-15 10:00:00,buy in,97524.49,-0.15192615727361858,10.253835
2025-02-15 14:30:00,stop-loss sell,97412.12,-0.11522234056288161,0.0
2025-02-15 19:15:00,buy in,97627.84,-0.11522234056288161,10.24298
2025-02-16 03:00:00,sold out,97445.53,-0.18673976603394982,0.0
2025-02-16 05:45:00,buy in,97667.93,-0.18673976603394982,10.238775
2025-02-16 07:15:00,sold out,97397.96,-0.27641621973557573,0.0
2025-02-16 17:15:00,buy in,97099.72,-0.27641621973557573,10.298691
2025-02-16 18:30:00,sold out,96818.41,-0.28971247290928703,0.0
2025-02-16 19:45:00,buy in,97043.76,-0.28971247290928703,10.30463
2025-02-16 22:30:00,stop-loss sell,96698.25,-0.3560352566718272,0.0
2025-02-17 06:15:00,buy in,96368.0,-0.3560352566718272,10.376889
2025-02-17 15:30:00,stop-loss sell,96101.66,-0.27637805080524824,0.0
2025-02-17 20:30:00,buy in,95941.18,-0.27637805080524824,10.423053
2025-02-17 23:45:00,stop-loss sell,95732.21,-0.21781053766483094,0.0
2025-02-18 02:00:00,buy in,96188.48,-0.21781053766483094,10.396255
2025-02-18 05:00:00,sold out,95941.18,-0.2570993948547762,0.0
2025-02-18 09:30:00,buy in,95630.8,-0.2570993948547762,10.456882
2025-02-18 14:45:00,stop-loss sell,95702.75,0.07523726665468189,0.0
2025-02-18 21:15:00,buy in,95200.61,0.07523726665468189,10.504134
2025-02-19 05:00:00,sold out,95271.11,0.07405414734211746,0.0
2025-02-19 07:15:00,buy in,95631.96,0.07405414734211746,10.456755
2025-02-19 14:45:00,stop-loss sell,95785.67,0.1607307849802453,0.0
2025-02-19 17:15:00,buy in,96255.71,0.1607307849802453,10.388994
2025-02-19 18:45:00,stop-loss sell,95685.25,-0.5926505554839312,0.0
2025-02-19 20:15:00,buy in,96398.35,-0.5926505554839312,10.373622
2025-02-20 07:00:00,sold out,96836.83,0.4548625572948106,0.0
2025-02-20 09:15:00,buy in,97217.37,0.4548625572948106,10.286228
2025-02-20 14:45:00,stop-loss sell,96996.06,-0.22764450426914218,0.0
2025-02-20 16:45:00,buy in,97514.97,-0.22764450426914218,10.254836
2025-02-21 03:00:00,sold out,98120.29,0.6207457172985764,0.0
2025-02-21 05:30:00,buy in,98370.02,0.6207457172985764,10.165699
2025-02-21 08:00:00,sold out,98240.15,-0.13202193107210158,0.0
2025-02-21 10:00:00,buy in,98405.33,-0.13202193107210158,10.162051
2025-02-21 14:30:00,stop-loss sell,98610.31,0.2083017251199637,0.0
2025-02-22 01:00:00,buy in,96235.29,0.2083017251199637,10.391198
2025-02-22 08:15:00,sold out,96278.62,0.045025063051196135,0.0
2025-02-22 10:15:00,buy in,96519.99,0.045025063051196135,10.360548
2025-02-22 14:30:00,stop-loss sell,96544.65,0.025549111639966426,0.0
2025-02-22 18:30:00,buy in,96712.46,0.025549111639966426,10.339929
2025-02-22 19:00:00,sold out,96501.09,-0.21855508587002026,0.0
2025-02-22 22:15:00,buy in,96604.59,-0.21855508587002026,10.351475
2025-02-23 00:15:00,sold out,96565.15,-0.040826217470624204,0.0
2025-02-23 01:00:00,buy in,96697.28,-0.040826217470624204,10.341553
2025-02-23 02:15:00,sold out,96529.07,-0.17395525499785958,0.0
2025-02-23 07:45:00,buy in,96492.75,-0.17395525499785958,10.363473
2025-02-23 10:30:00,stop-loss sell,96144.95,-0.3604415875804179,0.0
2025-02-23 19:15:00,buy in,95868.84,-0.3604415875804179,10.430918
2025-02-24 01:45:00,sold out,95931.23,0.06507849682961808,0.0
2025-02-24 07:00:00,buy in,95794.47,0.06507849682961808,10.439016
2025-02-24 08:45:00,sold out,95451.09,-0.3584549296008488,0.0
2025-02-24 09:30:00,buy in,95879.87,-0.3584549296008488,10.429718
2025-02-24 10:45:00,sold out,95567.68,-0.32560536429596665,0.0
2025-02-24 11:45:00,buy in,95818.91,-0.32560536429596665,10.436353
2025-02-24 14:15:00,stop-loss sell,95398.42,-0.43883822097329217,0.0
2025-02-25 20:00:00,buy in,87994.67,-0.43883822097329217,11.364325
2025-02-26 00:30:00,sold out,88376.6,0.4340376525078238,0.0
2025-02-26 03:00:00,buy in,89237.61,0.4340376525078238,11.206037
2025-02-26 06:00:00,sold out,88706.03,-0.5956905390003153,0.0
2025-02-26 09:45:00,buy in,89249.06,-0.5956905390003153,11.2046
2025-02-26 12:00:00,stop-loss sell,88509.49,-0.828658587552622,0.0
2025-02-27 01:30:00,buy in,85031.58,-0.828658587552622,11.760337
2025-02-27 14:00:00,sold out,86218.54,1.3959049096817777,0.0
2025-02-27 23:00:00,buy in,84565.57,1.3959049096817777,11.825143
2025-02-28 01:15:00,stop-loss sell,83148.85,-1.6752917292463088,0.0
2025-02-28 09:30:00,buy in,80386.59,-1.6752917292463088,12.439886
2025-03-01 06:45:00,stop-loss sell,85038.54,5.7869726779056,0.0
2025-03-01 15:15:00,buy in,84847.17,5.7869726779056,11.785897
2025-03-02 03:45:00,sold out,85806.85,1.1310689561007337,0.0
2025-03-02 06:30:00,buy in,86272.16,1.1310689561007337,11.591225
2025-03-02 08:15:00,sold out,85934.94,-0.3908792824939167,0.0
2025-03-02 15:30:00,buy in,88127.0,-0.3908792824939167,11.34726
2025-03-03 01:15:00,sold out,92910.96,5.42848389256414,0.0
2025-03-03 05:45:00,buy in,93181.82,5.42848389256414,10.731707
2025-03-03 06:45:00,stop-loss sell,91445.64,-1.8632175246201532,0.0
2025-03-03 10:45:00,buy in,92361.81,-1.8632175246201532,10.826986
2025-03-03 14:30:00,stop-loss sell,91358.09,-1.0867262129228505,0.0
2025-03-04 17:00:00,buy in,83575.83,-1.0867262129228505,11.965182
2025-03-05 00:45:00,sold out,86757.32,3.8067106243515614,0.0
2025-03-05 07:00:00,buy in,87607.62,3.8067106243515614,11.414532
2025-03-05 13:30:00,stop-loss sell,89197.77,1.8150818387715706,0.0
2025-03-05 17:30:00,buy in,89707.32,1.8150818387715706,11.147362
2025-03-06 09:00:00,stop-loss sell,90821.72,1.2422620584362498,0.0
2025-03-06 15:30:00,buy in,91139.34,1.2422620584362498,10.97221
2025-03-06 16:45:00,stop-loss sell,89289.29,-2.029913756233037,0.0
2025-03-06 21:15:00,buy in,89438.98,-2.029913756233037,11.180807
2025-03-07 00:15:00,stop-loss sell,87065.55,-2.653686345707418,0.0
2025-03-07 05:30:00,buy in,88278.0,-2.653686345707418,11.327851
2025-03-07 15:45:00,stop-loss sell,88341.54,0.07197716305307189,0.0
2025-03-07 18:45:00,buy in,88883.83,0.07197716305307189,11.25064
2025-03-07 20:30:00,sold out,87582.91,-1.4636182981763945,0.0
2025-03-08 04:45:00,buy in,86480.56,-1.4636182981763945,11.563292
2025-03-08 09:00:00,sold out,86200.09,-0.32431566123068967,0.0
2025-03-08 12:30:00,buy in,86354.65,-0.32431566123068967,11.580152
2025-03-08 16:30:00,sold out,86037.76,-0.36696344667020986,0.0
2025-03-08 19:30:00,buy in,86386.2,-0.36696344667020986,11.575923
2025-03-08 22:15:00,sold out,85918.86,-0.5409891857727223,0.0
2025-03-09 00:30:00,buy in,86375.53,-0.5409891857727223,11.577353
2025-03-09 02:00:00,sold out,86150.55,-0.2604672874366054,0.0
2025-03-10 02:15:00,buy in,82188.53,-0.2604672874366054,12.167148
2025-03-10 08:15:00,sold out,81791.38,-0.4832182787549488,0.0
2025-03-10 09:30:00,buy in,82817.2,-0.4832182787549488,12.074786
2025-03-10 10:30:00,sold out,82063.08,-0.9105837917727233,0.0
2025-03-10 11:15:00,buy in,82491.45,-0.9105837917727233,12.122468
2025-03-10 13:45:00,stop-loss sell,81520.0,-1.177637197551984,0.0
2025-03-10 21:15:00,buy in,79637.46,-1.177637197551984,12.556905
2025-03-11 00:15:00,stop-loss sell,77438.0,-2.761840972828622,0.0
2025-03-11 02:15:00,buy in,79563.21,-2.761840972828622,12.568623
2025-03-11 13:00:00,stop-loss sell,80730.99,1.4677386696690498,0.0
2025-03-11 16:30:00,buy in,81541.11,1.4677386696690498,12.263753
2025-03-12 02:30:00,stop-loss sell,82285.2,0.9125335674238455,0.0
2025-03-12 08:00:00,buy in,82674.93,0.9125335674238455,12.095565
2025-03-12 13:45:00,stop-loss sell,82404.88,-0.32664073619413925,0.0
2025-03-12 17:30:00,buy in,82587.7,-0.32664073619413925,12.108341
2025-03-13 04:30:00,sold out,83361.98,0.9375245950668187,0.0
2025-03-13 09:30:00,buy in,83246.43,0.9375245950668187,12.012527
2025-03-13 11:30:00,sold out,82911.86,-0.4019031206503265,0.0
2025-03-13 22:30:00,buy in,81093.36,-0.4019031206503265,12.331466
2025-03-14 14:15:00,stop-loss sell,82639.03,1.9060376829866277,0.0
2025-03-14 15:30:00,buy in,85075.21,1.9060376829866277,11.754305
2025-03-14 20:30:00,sold out,84116.48,-1.1269205212658395,0.0
2025-03-15 01:30:00,buy in,84401.33,-1.1269205212658395,11.848155
2025-03-15 07:00:00,sold out,84028.65,-0.4415570228573529,0.0
2025-03-15 11:45:00,buy in,84089.51,-0.4415570228573529,11.89209
2025-03-15 18:30:00,sold out,84172.98,0.09926327314786487,0.0
2025-03-15 21:00:00,buy in,84344.21,0.09926327314786487,11.856178
2025-03-15 23:15:00,sold out,84281.49,-0.07436195086776287,0.0
2025-03-16 03:45:00,buy in,84339.95,-0.07436195086776287,11.856777
2025-03-16 07:00:00,stop-loss sell,83985.8,-0.4199077661298012,0.0
2025-03-16 15:00:00,buy in,83355.07,-0.4199077661298012,11.996871
2025-03-16 19:15:00,sold out,83187.49,-0.20104355979786437,0.0
2025-03-17 01:00:00,buy in,82940.25,-0.20104355979786437,12.056872
2025-03-17 05:45:00,sold out,83257.41,0.38239576080372206,0.0
2025-03-17 08:15:00,buy in,83497.5,0.38239576080372206,11.976406
2025-03-17 11:00:00,sold out,83374.72,-0.1470463187520532,0.0
2025-03-17 16:00:00,buy in,83590.75,-0.1470463187520532,11.963046
2025-03-18 00:15:00,sold out,83848.55,0.3084073297583867,0.0
2025-03-18 08:15:00,buy in,83292.77,0.3084073297583867,12.005844
2025-03-18 11:00:00,sold out,82642.95,-0.7801637525081784,0.0
2025-03-18 19:30:00,buy in,82007.3,-0.7801637525081784,12.194036
2025-03-19 12:30:00,stop-loss sell,83538.24,1.8668338062587164,0.0
2025-03-19 14:00:00,buy in,84067.94,1.8668338062587164,11.895141
2025-03-19 17:45:00,sold out,84109.32,0.04922209346394091,0.0
2025-03-19 19:00:00,buy in,85723.89,0.04922209346394091,11.66536
2025-03-20 01:45:00,stop-loss sell,85786.17,0.07265185935916296,0.0
2025-03-20 08:30:00,buy in,85913.98,0.07265185935916296,11.639549
2025-03-20 10:15:00,stop-loss sell,85241.43,-0.7828178836552624,0.0
2025-03-20 14:15:00,buy in,86367.26,-0.7828178836552624,11.578462
2025-03-20 15:30:00,stop-loss sell,85015.71,-1.564886972216084,0.0
2025-03-21 00:30:00,buy in,84439.79,-1.564886972216084,11.842758
2025-03-21 05:30:00,sold out,84468.65,0.03417819963786872,0.0
2025-03-21 12:15:00,buy in,84339.93,0.03417819963786872,11.85678
2025-03-21 12:30:00,stop-loss sell,83761.09,-0.686317856796892,0.0
2025-03-21 14:30:00,buy in,84040.6,-0.686317856796892,11.899011
2025-03-21 16:00:00,sold out,83880.7,-0.19026518135283332,0.0
2025-03-21 17:30:00,buy in,84095.43,-0.19026518135283332,11.891253
2025-03-21 20:00:00,sold out,83933.94,-0.1920318381153252,0.0
2025-03-21 21:00:00,buy in,84338.3,-0.1920318381153252,11.857009
2025-03-22 00:00:00,sold out,84083.09,-0.3026027320920721,0.0
2025-03-22 03:30:00,buy in,84256.11,-0.3026027320920721,11.868575
2025-03-22 08:15:00,sold out,84242.66,-0.01596323400165911,0.0
2025-03-22 09:45:00,buy in,84517.06,-0.01596323400165911,11.831931
2025-03-22 11:45:00,sold out,84327.8,-0.22393112112512048,0.0
2025-03-22 17:30:00,buy in,84207.73,-0.22393112112512048,11.875394
2025-03-22 20:45:00,stop-loss sell,83976.8,-0.2742384814315657,0.0
2025-03-23 01:15:00,buy in,84128.9,-0.2742384814315657,11.886522
2025-03-23 05:15:00,sold out,84089.83,-0.04644064049332819,0.0
2025-03-23 06:00:00,buy in,84191.07,-0.04644064049332819,11.877744
2025-03-23 18:15:00,sold out,84862.28,0.7972460737225351,0.0
2025-03-23 22:15:00,buy in,85455.56,0.7972460737225351,11.701989
2025-03-24 01:15:00,stop-loss sell,85700.47,0.28659340597616545,0.0
2025-03-24 03:30:00,buy in,86316.93,0.28659340597616545,11.585213
2025-03-24 20:45:00,sold out,87858.04,1.7854087257273887,0.0
2025-03-25 09:30:00,buy in,87112.17,1.7854087257273887,11.479452
2025-03-25 21:45:00,sold out,87779.73,0.7663223175361056,0.0
2025-03-26 01:15:00,buy in,87819.48,0.7663223175361056,11.386995
2025-03-26 02:45:00,sold out,87362.3,-0.5205906479974542,0.0
2025-03-26 05:45:00,buy in,87517.56,-0.5205906479974542,11.426278
2025-03-26 12:15:00,stop-loss sell,87750.0,0.26559241368246944,0.0
2025-03-26 20:30:00,buy in,87293.58,0.26559241368246944,11.455596
2025-03-26 23:30:00,sold out,86817.87,-0.5449541650141998,0.0
2025-03-27 00:00:00,buy in,86932.26,-0.5449541650141998,11.50321
2025-03-27 07:30:00,sold out,87240.94,0.3550810711696828,0.0
2025-03-27 09:00:00,buy in,87558.06,0.3550810711696828,11.420993
2025-03-27 11:00:00,sold out,87225.06,-0.38031907056871317,0.0
2025-03-27 15:00:00,buy in,87357.25,-0.38031907056871317,11.447247
2025-03-27 23:15:00,sold out,87197.99,-0.1823088524421257,0.0
2025-03-28 02:15:00,buy in,87319.42,-0.1823088524421257,11.452206
2025-03-28 02:45:00,sold out,87057.7,-0.299727139735928,0.0
2025-03-28 22:15:00,buy in,84254.78,-0.299727139735928,11.868763
2025-03-29 02:30:00,sold out,84095.77,-0.1887251975496218,0.0
2025-03-29 20:30:00,buy in,82713.49,-0.1887251975496218,12.089926
2025-03-30 10:45:00,stop-loss sell,83113.8,0.48397184062720644,0.0
2025-03-31 05:15:00,buy in,82302.15,0.48397184062720644,12.150351
2025-03-31 09:15:00,sold out,81506.74,-0.9664510586904318,0.0
2025-03-31 11:00:00,buy in,82037.61,-0.9664510586904318,12.189531
2025-03-31 17:45:00,sold out,82698.05,0.8050453932044066,0.0
2025-04-01 02:00:00,buy in,82769.99,0.8050453932044066,12.081674
2025-04-01 12:30:00,stop-loss sell,83755.25,1.1903589694767236,0.0
2025-04-01 15:15:00,buy in,84748.32,1.1903589694767236,11.799644
2025-04-02 00:45:00,sold out,84997.98,0.2945899104548566,0.0
2025-04-02 08:30:00,buy in,84685.02,0.2945899104548566,11.808464
2025-04-02 11:45:00,stop-loss sell,84570.85,-0.13481723213857322,0.0
2025-04-02 13:45:00,buy in,85280.25,-0.13481723213857322,11.726044
2025-04-02 20:15:00,stop-loss sell,86074.51,0.9313528044300856,0.0
2025-04-03 08:30:00,buy in,83697.08,0.9313528044300856,11.947848
2025-04-03 10:30:00,stop-loss sell,83179.45,-0.6184564622804145,0.0
2025-04-03 21:00:00,buy in,82566.94,-0.6184564622804145,12.111385
2025-04-04 04:15:00,sold out,82678.97,0.1356838463433485,0.0
2025-04-04 05:45:00,buy in,83155.87,0.1356838463433485,12.025609
2025-04-04 10:00:00,stop-loss sell,83677.89,0.6277608544051017,0.0
2025-04-04 15:15:00,buy in,83133.52,0.6277608544051017,12.028842
2025-04-04 23:15:00,sold out,83792.24,0.7923638984611792,0.0
2025-04-05 01:45:00,buy in,84041.83,0.7923638984611792,11.898837
2025-04-05 03:15:00,sold out,83815.11,-0.2697704226573894,0.0
2025-04-05 09:15:00,buy in,83679.78,-0.2697704226573894,11.950318
2025-04-05 12:00:00,stop-loss sell,83459.43,-0.2633252620884097,0.0
2025-04-05 18:15:00,buy in,83042.0,-0.2633252620884097,12.042099
2025-04-06 06:45:00,sold out,83178.83,0.16477204306255544,0.0
2025-04-07 10:15:00,buy in,77137.45,0.16477204306255544,12.963872
2025-04-08 05:30:00,sold out,79727.14,3.357240873272316,0.0
2025-04-08 11:30:00,buy in,79685.97,3.357240873272316,12.549261
2025-04-08 14:30:00,stop-loss sell,79179.21,-0.63594632781655,0.0
2025-04-09 04:45:00,buy in,76429.45,-0.63594632781655,13.083962
2025-04-09 11:00:00,stop-loss sell,76536.89,0.14057408498948654,0.0
2025-04-09 13:45:00,buy in,77777.61,0.14057408498948654,12.857171
2025-04-10 03:15:00,stop-loss sell,81573.86,4.880903385948732,0.0
2025-04-10 06:00:00,buy in,82258.96,4.880903385948732,12.15673
2025-04-10 07:30:00,stop-loss sell,81543.49,-0.8697775901859162,0.0
2025-04-10 10:00:00,buy in,81969.64,-0.8697775901859162,12.199639
2025-04-10 11:15:00,sold out,81735.1,-0.28613032825323126,0.0
2025-04-10 12:30:00,buy in,82084.97,-0.28613032825323126,12.182498
2025-04-10 13:30:00,stop-loss sell,80925.65,-1.4123413823505127,0.0
